,Age,Gender,Projects Completed,Productivity (%),Satisfaction Rate (%),Feedback Score,Department,Position,Salary,Experience_Range
0,25,Male,11,57,25,4.7,Marketing,Analyst,63596,1-5
1,59,Female,19,55,76,2.8,IT,Manager,112540,21-25
2,30,Male,8,87,10,2.4,IT,Analyst,66292,6-10
3,26,Female,1,53,4,1.4,Marketing,Intern,38303,1-5
4,43,Male,14,3,9,4.5,IT,Team Lead,101133,16-20
5,24,Male,5,63,33,4.2,Sales,Junior Developer,48740,1-5
6,33,Female,13,41,39,2.3,Sales,Analyst,73502,6-10
7,23,Female,4,92,68,2.8,HR,Intern,39670,1-5
8,30,Female,7,32,43,2.3,Marketing,Junior Developer,49323,1-5
9,39,Female,17,10,15,1.1,HR,Team Lead,92915,16-20
10,36,Male,11,45,67,1.2,Finance,Senior Developer,80721,11-15
11,42,Female,19,9,31,2.5,Sales,Team Lead,95072,16-20
12,25,Female,2,15,97,1.8,HR,Intern,35169,1-5
13,32,Female,14,45,20,3.1,Marketing,Analyst,70271,6-10
14,29,Male,18,88,8,1.8,Sales,Senior Developer,89571,6-10
15,40,Male,17,3,53,1.8,Sales,Manager,118466,11-15
16,46,Male,15,44,37,3.7,Marketing,Team Lead,105893,11-15
17,41,Female,13,44,36,3.9,Marketing,Team Lead,92074,11-15
18,36,Male,12,22,66,2.2,IT,Team Lead,107279,16-20
19,23,Male,2,1,17,4.4,Sales,Intern,37855,1-5
20,25,Male,10,29,73,2.0,Finance,Junior Developer,52122,1-5
21,26,Female,4,46,66,2.4,Sales,Junior Developer,50233,6-10
22,27,Female,10,9,80,3.8,Finance,Junior Developer,51316,1-5
23,25,Female,3,76,26,1.2,Marketing,Junior Developer,56946,1-5
24,40,Male,22,18,68,4.7,IT,Manager,100795,11-15
25,27,Female,9,26,13,1.3,Finance,Junior Developer,46910,1-5
26,45,Female,11,0,52,2.8,Finance,Senior Developer,87114,16-20
27,35,Male,17,26,81,3.9,Finance,Manager,119895,11-15
28,33,Male,17,84,69,1.2,Sales,Senior Developer,90885,16-20
29,26,Female,7,86,51,4.2,IT,Junior Developer,47188,6-10
30,29,Male,5,93,94,4.9,Marketing,Junior Developer,57478,6-10
31,25,Female,3,15,99,2.8,Marketing,Junior Developer,47322,1-5
32,26,Male,10,95,100,1.5,IT,Junior Developer,59502,1-5
33,26,Female,3,0,35,1.3,Marketing,Intern,30509,1-5
34,34,Female,13,37,37,1.4,Sales,Team Lead,93896,16-20
35,34,Male,9,47,56,4.1,Marketing,Analyst,71558,1-5
36,33,Male,14,88,47,2.7,IT,Senior Developer,87041,11-15
37,58,Female,19,3,72,4.7,IT,Manager,108122,16-20
38,42,Female,23,77,80,2.8,Sales,Manager,101041,21-25
39,44,Female,11,29,17,1.3,IT,Senior Developer,90310,6-10
40,39,Female,15,18,20,2.7,Sales,Team Lead,98912,16-20
41,25,Male,11,23,15,4.0,Finance,Analyst,64328,6-10
42,44,Female,15,58,89,4.3,Sales,Team Lead,102592,16-20
43,28,Male,5,14,15,1.2,HR,Analyst,61891,1-5
44,25,Male,5,61,48,1.7,Finance,Analyst,65633,6-10
45,29,Male,5,44,51,3.0,Finance,Junior Developer,49778,1-5
46,25,Male,5,90,75,1.5,Sales,Junior Developer,51123,6-10
47,31,Female,14,33,59,4.5,Marketing,Analyst,70095,1-5
48,33,Female,7,16,17,4.7,Sales,Analyst,73157,1-5
49,40,Female,16,3,71,2.3,HR,Senior Developer,90439,6-10
50,23,Male,3,26,85,2.7,IT,Intern,33105,1-5
51,42,Male,11,46,38,3.2,Finance,Team Lead,107751,11-15
52,26,Male,2,42,45,2.1,Sales,Intern,38878,1-5
53,44,Male,16,60,80,3.2,HR,Senior Developer,80976,16-20
54,45,Male,14,37,60,1.8,Finance,Team Lead,101100,16-20
55,38,Male,22,37,95,2.2,Finance,Manager,116888,11-15
56,25,Male,8,70,53,2.8,Sales,Junior Developer,54047,1-5
57,30,Male,13,81,27,3.4,HR,Senior Developer,80228,16-20
58,47,Female,20,41,61,3.1,HR,Team Lead,95289,11-15
59,23,Female,8,23,62,2.0,Sales,Junior Developer,59877,1-5
60,30,Male,8,75,88,1.9,IT,Senior Developer,88117,21-25
61,35,Male,16,10,64,1.5,Finance,Manager,100719,21-25
62,28,Female,5,13,40,4.1,IT,Analyst,70439,1-5
63,58,Female,20,68,63,1.4,Finance,Manager,108449,11-15
64,42,Male,12,74,83,3.9,HR,Team Lead,100865,16-20
65,30,Male,6,39,7,2.0,Sales,Junior Developer,47255,1-5
66,24,Female,4,20,56,2.1,Sales,Intern,35636,1-5
67,41,Female,16,48,38,3.9,Sales,Senior Developer,81627,6-10
68,41,Male,17,18,18,3.6,Sales,Team Lead,108390,16-20
69,25,Female,2,16,95,4.0,Sales,Intern,36842,1-5
70,36,Male,16,28,63,3.1,Marketing,Senior Developer,92954,6-10
71,32,Female,16,40,6,4.4,Marketing,Team Lead,92217,16-20
72,25,Male,9,65,79,1.5,Finance,Junior Developer,49120,1-5
73,34,Male,10,31,27,3.6,Marketing,Analyst,69347,6-10
74,26,Female,5,30,3,1.5,HR,Junior Developer,46707,1-5
75,36,Male,20,96,45,3.9,IT,Team Lead,107062,16-20
76,22,Male,0,23,60,2.4,HR,Intern,31230,1-5
77,29,Male,9,37,50,3.7,Finance,Senior Developer,94110,6-10
78,51,Male,25,47,1,3.8,IT,Manager,119208,16-20
79,30,Female,9,53,67,3.6,Marketing,Senior Developer,82101,11-15
80,57,Female,23,84,8,1.9,HR,Manager,115901,16-20
81,42,Female,8,5,87,4.3,Sales,Senior Developer,80567,11-15
82,28,Male,15,16,10,2.0,IT,Analyst,68523,1-5
83,49,Female,24,76,87,3.1,Marketing,Manager,107320,21-25
84,57,Female,23,2,94,3.7,Sales,Manager,111381,21-25
85,59,Female,20,50,85,1.9,Finance,Manager,103172,6-10
86,23,Female,5,9,50,3.5,HR,Intern,39138,1-5
87,44,Male,17,89,0,2.1,IT,Senior Developer,93702,21-25
88,29,Male,6,9,46,1.7,Finance,Analyst,71589,6-10
89,28,Female,17,16,5,4.2,Marketing,Senior Developer,83554,16-20
90,26,Female,1,53,14,3.2,Sales,Intern,32903,1-5
91,27,Male,5,38,79,2.3,HR,Analyst,71365,1-5
92,24,Male,0,70,0,3.3,Finance,Intern,33770,1-5
93,39,Male,9,53,34,1.1,HR,Senior Developer,86537,16-20
94,30,Female,9,94,81,1.5,IT,Analyst,63299,6-10
95,27,Female,3,18,89,2.6,HR,Junior Developer,54974,6-10
96,51,Female,24,75,37,4.9,Finance,Manager,114384,16-20
97,50,Female,16,54,93,3.0,IT,Team Lead,101416,16-20
98,29,Male,7,38,29,1.3,Finance,Analyst,62588,6-10
99,39,Female,24,81,18,4.1,Finance,Manager,108820,6-10
100,30,Male,19,45,96,4.1,Finance,Team Lead,101420,16-20
101,30,Male,10,10,73,4.1,Marketing,Junior Developer,53966,6-10
102,36,Female,13,31,36,3.3,Marketing,Team Lead,96579,6-10
103,54,Male,19,56,24,3.8,Sales,Manager,107080,16-20
104,31,Male,9,80,13,1.9,Sales,Analyst,67630,6-10
105,38,Female,10,47,55,3.9,Sales,Senior Developer,93569,6-10
106,45,Female,12,81,58,4.3,IT,Team Lead,100280,11-15
107,44,Female,24,67,91,4.0,Marketing,Manager,104209,11-15
108,25,Male,1,7,42,2.4,Sales,Intern,34535,1-5
109,25,Female,4,48,49,3.4,Sales,Junior Developer,54193,6-10
110,50,Male,17,52,21,3.5,Finance,Manager,100014,21-25
111,27,Female,5,1,42,4.6,Finance,Junior Developer,46364,1-5
112,30,Male,9,53,53,1.4,Finance,Analyst,70818,1-5
113,24,Male,3,93,82,4.3,Sales,Intern,35375,1-5
114,55,Female,19,41,87,3.1,Sales,Manager,110104,11-15
115,40,Male,10,56,55,2.4,HR,Senior Developer,94290,6-10
116,29,Male,6,26,18,2.8,Marketing,Junior Developer,56573,1-5
117,48,Female,13,47,57,1.1,HR,Team Lead,100592,16-20
118,31,Female,6,37,90,1.9,IT,Analyst,60575,6-10
119,57,Female,17,60,18,3.6,Finance,Manager,102771,21-25
120,26,Female,5,11,67,3.6,HR,Intern,30231,1-5
121,44,Female,21,23,40,3.0,Finance,Manager,109581,11-15
122,26,Male,1,13,16,4.8,Marketing,Intern,31878,1-5
123,28,Male,8,35,26,2.9,Sales,Analyst,62727,6-10
124,34,Female,17,14,23,2.3,Marketing,Senior Developer,91663,16-20
125,41,Female,8,71,56,4.4,IT,Senior Developer,84510,16-20
126,28,Female,10,77,44,2.0,Finance,Analyst,63299,6-10
127,27,Female,10,88,49,3.4,Marketing,Junior Developer,53400,1-5
128,33,Male,15,19,54,3.8,Finance,Analyst,69087,6-10
129,33,Female,15,89,62,4.3,HR,Senior Developer,85674,6-10
130,26,Male,5,57,49,4.1,IT,Intern,37357,1-5
131,23,Female,1,51,93,2.5,Sales,Intern,31456,1-5
132,49,Female,14,23,28,1.2,Finance,Team Lead,103586,16-20
133,51,Male,16,98,25,1.2,HR,Manager,116473,21-25
134,26,Female,5,53,56,3.9,HR,Intern,38714,1-5
135,33,Female,14,55,26,4.8,Sales,Analyst,73623,6-10
136,50,Male,14,22,75,2.4,Marketing,Team Lead,103407,11-15
137,25,Male,4,31,90,2.8,IT,Intern,32010,1-5
138,45,Female,18,58,6,3.9,HR,Manager,102633,11-15
139,29,Male,5,43,49,3.6,Finance,Analyst,69725,1-5
140,48,Male,17,66,4,2.0,HR,Manager,115170,6-10
141,44,Male,18,18,29,3.7,Sales,Manager,110621,16-20
142,49,Male,24,45,81,2.2,HR,Manager,105706,11-15
143,35,Male,15,59,10,2.4,Marketing,Analyst,64858,1-5
144,51,Male,15,80,23,3.2,IT,Manager,107898,11-15
145,31,Female,16,81,46,3.9,Finance,Team Lead,104318,11-15
146,23,Male,1,11,7,1.6,Marketing,Intern,34697,1-5
147,36,Male,10,61,95,1.1,HR,Senior Developer,80513,16-20
148,30,Female,9,96,81,3.5,Marketing,Junior Developer,45375,1-5
149,24,Female,10,26,86,1.1,Finance,Junior Developer,58688,1-5
150,35,Female,15,37,22,1.2,IT,Manager,100269,16-20
151,28,Female,13,0,29,1.9,HR,Analyst,70460,1-5
152,26,Male,2,89,78,3.6,HR,Intern,34412,1-5
153,31,Female,11,57,38,1.3,Marketing,Senior Developer,81248,11-15
154,27,Male,4,79,78,1.2,IT,Junior Developer,59268,6-10
155,23,Female,9,59,11,4.9,Marketing,Junior Developer,55833,1-5
156,23,Male,2,0,90,2.7,Marketing,Intern,35130,1-5
157,23,Female,5,27,65,4.6,Sales,Intern,35192,1-5
158,54,Male,22,38,96,1.9,Sales,Manager,117951,11-15
159,40,Female,18,14,36,2.7,Marketing,Manager,109418,16-20
160,39,Male,18,98,98,2.4,Sales,Senior Developer,80793,21-25
161,26,Female,5,80,45,1.7,Finance,Intern,34076,1-5
162,29,Male,9,38,52,2.3,Sales,Analyst,73916,1-5
163,35,Male,25,69,58,4.9,IT,Manager,116928,21-25
164,23,Male,5,77,6,4.0,Sales,Junior Developer,47294,6-10
165,28,Female,9,19,80,2.5,IT,Senior Developer,84252,6-10
166,54,Male,20,54,89,2.6,Marketing,Manager,119567,21-25
167,40,Male,22,90,66,2.1,IT,Manager,101837,11-15
168,29,Female,9,96,85,3.1,Sales,Analyst,72877,6-10
169,28,Female,10,60,83,3.9,HR,Analyst,66367,6-10
170,47,Female,23,11,70,3.7,Marketing,Manager,113716,16-20
171,25,Male,4,86,94,2.9,Marketing,Intern,34601,1-5
172,58,Male,19,63,55,1.2,Marketing,Manager,119085,11-15
173,41,Male,13,97,74,4.7,Marketing,Team Lead,97387,6-10
174,39,Male,12,29,58,2.6,IT,Senior Developer,84152,21-25
175,24,Male,10,69,62,2.6,Finance,Junior Developer,50124,1-5
176,34,Male,11,97,32,1.0,Marketing,Analyst,74918,1-5
177,48,Female,16,51,90,1.6,Sales,Manager,117458,11-15
178,60,Female,17,35,60,4.5,Finance,Manager,116039,21-25
179,22,Female,3,80,27,3.1,HR,Intern,37353,1-5
180,25,Male,6,2,43,3.9,Finance,Analyst,71604,1-5
181,35,Male,19,15,34,1.6,Sales,Team Lead,94026,16-20
182,28,Female,18,34,5,2.3,Sales,Senior Developer,86941,6-10
183,27,Male,3,85,5,4.4,IT,Junior Developer,51135,1-5
184,41,Female,18,5,6,4.3,Marketing,Team Lead,95555,6-10
185,36,Female,12,0,20,2.0,Marketing,Team Lead,107062,11-15
186,42,Female,17,32,44,1.1,Finance,Team Lead,91680,21-25
187,36,Female,12,50,0,4.2,HR,Team Lead,97569,6-10
188,28,Female,8,67,37,1.7,IT,Junior Developer,56570,1-5
189,25,Female,6,74,83,4.2,IT,Junior Developer,58237,1-5
190,35,Male,18,90,0,3.7,Finance,Team Lead,105640,11-15
191,43,Male,11,50,17,1.7,Sales,Senior Developer,86286,11-15
192,35,Male,7,56,8,1.3,Sales,Analyst,60501,1-5
193,39,Female,16,13,100,4.7,IT,Manager,107814,6-10
194,26,Female,2,95,54,3.4,IT,Intern,31328,1-5
195,29,Female,9,32,87,3.5,HR,Junior Developer,50051,1-5
196,26,Male,7,45,28,2.8,IT,Junior Developer,46612,1-5
197,22,Male,3,36,77,1.6,Finance,Intern,32992,1-5
198,36,Female,23,96,50,3.4,Marketing,Manager,104216,16-20
199,43,Male,10,86,71,2.0,IT,Team Lead,104341,6-10
